{
  "timestamp": "20250531_164225",
  "world_size": 2,
  "batch_size": 8,
  "model_size": "small",
  "num_trials": 5,
  "results": {
    "Naive DDP": {
      "mean_ms": 4.073143005371094,
      "std_ms": 0.08485876023769379,
      "min_ms": 3.947019577026367,
      "max_ms": 4.1790008544921875,
      "all_times": [
        4.048824310302734,
        4.1027069091796875,
        4.1790008544921875,
        3.947019577026367,
        4.088163375854492
      ]
    },
    "Overlapped DDP": {
      "mean_ms": 3.5071372985839844,
      "std_ms": 0.20407119393348694,
      "min_ms": 3.2339096069335938,
      "max_ms": 3.778219223022461,
      "all_times": [
        3.551959991455078,
        3.778219223022461,
        3.397703170776367,
        3.2339096069335938,
        3.573894500732422
      ]
    }
  }
}