{
  "timestamp": "20250531_204318",
  "world_size": 2,
  "batch_size": 8,
  "model_size": "medium",
  "num_trials": 5,
  "bucket_sizes_tested": [
    1.0,
    10.0,
    100.0
  ],
  "results": {
    "Baseline (Individual Params)": {
      "mean_ms": 143.4641876220703,
      "std_ms": 17.423328399658203,
      "min_ms": 121.2410888671875,
      "max_ms": 162.8601531982422,
      "all_times": [
        136.44695281982422,
        162.86015510559082,
        121.24109268188477,
        159.48867797851562,
        137.2840404510498
      ]
    },
    "Bucketed (1.0MB)": {
      "mean_ms": 129.78897094726562,
      "std_ms": 16.96275520324707,
      "min_ms": 112.15996551513672,
      "max_ms": 150.55203247070312,
      "all_times": [
        140.74397087097168,
        132.48586654663086,
        112.15996742248535,
        150.55203437805176,
        113.00301551818848
      ],
      "num_buckets": 33,
      "bucket_size_mb": 1.0
    },
    "Bucketed (10.0MB)": {
      "mean_ms": 153.4881134033203,
      "std_ms": 26.666793823242188,
      "min_ms": 122.18975830078125,
      "max_ms": 192.79574584960938,
      "all_times": [
        150.6059169769287,
        192.7957534790039,
        138.71097564697266,
        122.18976020812988,
        163.13815116882324
      ],
      "num_buckets": 4,
      "bucket_size_mb": 10.0
    },
    "Bucketed (100.0MB)": {
      "mean_ms": 142.8350830078125,
      "std_ms": 21.791488647460938,
      "min_ms": 107.17320251464844,
      "max_ms": 166.524169921875,
      "all_times": [
        166.52417182922363,
        107.17320442199707,
        146.6829776763916,
        149.95694160461426,
        143.83816719055176
      ],
      "num_buckets": 1,
      "bucket_size_mb": 100.0
    }
  }
}