{
  "timestamp": "20250531_164457",
  "world_size": 2,
  "batch_size": 8,
  "model_size": "large",
  "num_trials": 5,
  "results": {
    "Naive DDP": {
      "mean_ms": 6269.42724609375,
      "std_ms": 97.1252670288086,
      "min_ms": 6102.23486328125,
      "max_ms": 6342.85498046875,
      "all_times": [
        6287.593126296997,
        6331.728935241699,
        6342.855215072632,
        6102.2350788116455,
        6282.724857330322
      ]
    },
    "Overlapped DDP": {
      "mean_ms": 6406.6376953125,
      "std_ms": 93.47785186767578,
      "min_ms": 6308.517578125,
      "max_ms": 6511.7841796875,
      "all_times": [
        6499.123811721802,
        6376.420021057129,
        6511.784076690674,
        6337.339162826538,
        6308.517694473267
      ]
    }
  }
}