{
  "timestamp": "20250531_164127",
  "world_size": 2,
  "batch_size": 8,
  "model_size": "medium",
  "num_trials": 8,
  "results": {
    "Naive DDP": {
      "mean_ms": 156.24461364746094,
      "std_ms": 15.179563522338867,
      "min_ms": 134.07803344726562,
      "max_ms": 178.1089324951172,
      "all_times": [
        160.10308265686035,
        170.75371742248535,
        152.41503715515137,
        151.28707885742188,
        134.0780258178711,
        178.10893058776855,
        138.64707946777344,
        164.5638942718506
      ]
    },
    "Overlapped DDP": {
      "mean_ms": 141.4214630126953,
      "std_ms": 13.850135803222656,
      "min_ms": 116.9290542602539,
      "max_ms": 163.6488494873047,
      "all_times": [
        136.1689567565918,
        163.6488437652588,
        143.42689514160156,
        137.8610134124756,
        136.91997528076172,
        141.4198875427246,
        116.9290542602539,
        154.9971103668213
      ]
    }
  }
}